<?xml version="1.0" encoding="UTF-8"?>
<project-private xmlns="http://www.netbeans.org/ns/project-private/1">
    <editor-bookmarks xmlns="http://www.netbeans.org/ns/editor-bookmarks/2" lastBookmarkId="0"/>
    <open-files xmlns="http://www.netbeans.org/ns/projectui-open-files/2">
        <group>
            <file>file:/F:/CSD/PracticalExam/src/practicalexam/Prob3.java</file>
            <file>file:/F:/CSD/PracticalExam/src/practicalexam/BST.java</file>
            <file>file:/F:/CSD/PracticalExam/src/practicalexam/Prob1.java</file>
            <file>file:/F:/CSD/PracticalExam/src/practicalexam/PracticalExam.java</file>
            <file>file:/F:/CSD/PracticalExam/src/practicalexam/Prob2.java</file>
        </group>
    </open-files>
</project-private>
